id;márka;tipus;ízesítés;szavatosság;ár;tömeg;raktáron
YVW56KN;Sports;tej;ananászos;2023.03.06;670;110;68
JC1GCC1;Sports;tej;mikulás;2022.12.06;1190;75;136
SJ2K3Y2;Boci;ét;töltetlen;2022.08.29;1020;55;17
OTSAEY1;Americana;tej;ananászos;2022.11.18;410;75;119
XYGXC4V;Boci;tej;töltetlen;2022.12.11;530;35;102
0KFMBB8;Boci;tej;mandulás-narancsos;2023.01.31;990;150;68
RYZ861A;Sports;ét;mandulás-narancsos;2022.09.26;820;40;0
S15G456;Sports;tej;mikulás;2022.12.05;730;75;17
PPHN3JJ;Americana;tej;mandulás-narancsos;2022.09.13;530;135;34
IAFWOCP;Lindt;tej;nugátos;2022.08.22;1190;100;0
Y9WH7ZW;Lindt;tej;almás-fahéjas;2023.02.06;860;30;136
VSARB8W;Americana;tej;fehércsokis;2022.12.28;460;140;17
SQNQUP3;Lindt;tej;nugátos;2023.01.06;740;30;102
STEGRHF;Boci;tej;mikulás;2022.12.12;450;75;0
ORMOBI9;Americana;tej;ördög;2023.01.29;470;95;153
EEVB0TL;Sports;tej;mogyorós;2022.08.29;510;120;17
7QZ75HV;Milka;tej;csilis;2022.11.12;790;130;68
83WY3QX;Lindt;tej;almás-fahéjas;2022.11.29;670;110;34
ZGDAFGM;Lindt;ét;töltetlen;2022.10.31;380;30;153
U2HSWWA;Milka;tej;mogyorós;2022.11.08;250;150;119
9Q18OQE;Boci;ét;töltetlen;2022.09.17;1190;135;102
W13TAM3;Sports;tej;mogyorós;2022.08.20;1110;55;51
XUZZBEZ;Boci;tej;töltetlen;2022.11.25;1190;145;51
JRSK82V;Americana;tej;fehércsokis;2022.11.21;890;135;34
GFLW1SU;Lindt;tej;ördög;2022.10.12;1040;35;85
74DPE3Z;Boci;ét;ananászos;2023.01.21;450;100;68
19NZNBN;Lindt;tej;ananászos;2023.02.08;690;145;153
I13FIP5;Lindt;tej;töltetlen;2023.02.18;600;80;0
OELKS2G;Boci;tej;mandulás-narancsos;2022.09.02;540;65;136
5LTF8EC;Americana;tej;nugátos;2022.12.15;340;145;51
C2OHEN7;Americana;tej;banános;2023.01.31;1010;140;85
I7RW3ME;Americana;tej;csilis;2023.01.22;1070;130;136
XAZUCIU;Milka;tej;töltetlen;2022.11.13;960;145;34
P9IIGWC;Milka;ét;ananászos;2022.11.02;1190;85;68
GRSU4A8;Milka;tej;nugátos;2022.09.18;810;65;0
P6WR6T0;Boci;tej;mikulás;2022.08.30;840;120;102
XLAPDZR;Milka;tej;mandulás-narancsos;2022.10.08;980;105;102
0GJSIJQ;Sports;tej;nugátos;2022.10.27;890;135;153
QMHNK6Y;Lindt;tej;mikulás;2022.11.23;950;125;119
H11EZSN;Boci;tej;banános;2022.11.17;660;80;34
R43P7FL;Americana;ét;mikulás;2022.11.26;1070;35;34
BGIFBPA;Milka;tej;nugátos;2022.10.18;570;90;0
90O830R;Boci;tej;mikulás;2022.11.01;250;95;34
N4XMALT;Milka;tej;nugátos;2022.12.13;1010;50;68
XCP6HOQ;Milka;tej;mikulás;2022.11.23;940;60;102
KA3FD0T;Lindt;ét;banános;2022.10.20;530;35;51
283E9BT;Boci;tej;csilis;2022.10.31;750;65;0
T0PS8MF;Sports;tej;mikulás;2022.08.30;710;145;119
R6A48GT;Lindt;tej;banános;2023.01.15;840;130;51
TE4NTX0;Lindt;tej;ördög;2022.10.21;940;30;68
SPQ9S6C;Boci;tej;almás-fahéjas;2023.01.22;480;90;85
4BDXZ6O;Americana;tej;csilis;2023.01.31;340;90;0
EQQ1L2Q;Milka;ét;töltetlen;2022.08.28;1030;35;34
LN0T9KW;Americana;ét;banános;2022.10.23;370;130;17
9TJU8E3;Milka;tej;ördög;2023.01.17;780;100;102
J47UN9E;Lindt;tej;ananászos;2022.10.27;540;125;17
TF5PHZ9;Sports;ét;almás-fahéjas;2023.03.04;1060;90;136
89CKNPO;Boci;ét;töltetlen;2023.01.14;930;80;136
GDY8W50;Boci;ét;csilis;2022.12.02;700;60;153
ZV63COR;Lindt;tej;almás-fahéjas;2022.11.13;510;135;34
T4EII94;Boci;tej;nugátos;2022.08.29;1060;150;0
4R40FQ0;Sports;tej;csilis;2022.11.18;390;30;17
SUZ5J4F;Boci;tej;mikulás;2023.02.24;1040;50;119
K9S3VYL;Sports;ét;nugátos;2022.11.19;590;95;85
V8A5YY7;Sports;tej;fehércsokis;2022.08.23;340;75;153
T69F473;Milka;tej;almás-fahéjas;2022.12.15;800;35;85
O122UQK;Americana;tej;mogyorós;2022.10.18;570;50;0
GL37T8O;Milka;ét;almás-fahéjas;2022.09.12;1040;60;34
BZDNZFX;Milka;ét;banános;2023.02.08;1100;80;51
1S5KR62;Boci;ét;fehércsokis;2022.10.08;990;120;0
QOOTL81;Sports;tej;fehércsokis;2023.02.08;620;100;68
D3X58PX;Boci;tej;mandulás-narancsos;2022.11.07;400;65;34
NBKL5NQ;Americana;tej;mandulás-narancsos;2023.03.07;800;75;85
UJ9TA65;Sports;tej;ördög;2023.03.04;1010;35;0
EIAYK4L;Milka;tej;mandulás-narancsos;2022.12.18;510;35;34
EHEZHV0;Americana;tej;ördög;2022.12.18;580;125;119
1VYRZ84;Americana;tej;mikulás;2022.09.07;740;60;17
QXB2MZU;Lindt;tej;nugátos;2023.03.04;930;65;34
LKS2X5E;Americana;ét;ördög;2022.09.28;1150;150;102
IYLVH62;Boci;ét;mikulás;2022.11.24;440;125;0
E1P3O10;Boci;tej;töltetlen;2023.01.18;270;30;34
2CQ9Y7P;Boci;tej;csilis;2022.10.07;1030;60;34
6UJUSYW;Americana;tej;csilis;2022.11.09;1010;100;102
S7NHRYK;Sports;tej;almás-fahéjas;2022.11.23;900;140;102
YETUIAS;Lindt;tej;nugátos;2023.02.25;820;150;136
6ATS9CL;Lindt;tej;csilis;2022.11.06;1080;50;0
5B4WT63;Milka;tej;mogyorós;2022.09.11;1060;115;34
B32R455;Lindt;ét;almás-fahéjas;2023.02.04;990;150;51
ZK2O69V;Lindt;ét;mogyorós;2023.02.24;430;125;0
II0DFTS;Boci;tej;nugátos;2023.01.14;470;45;85
45JVKF0;Lindt;tej;csilis;2022.11.19;530;140;68
9Y4ITEF;Boci;ét;banános;2022.10.20;880;105;136
U0RWKO5;Milka;tej;ananászos;2022.11.21;860;150;68
G5I6H4D;Lindt;tej;banános;2022.09.05;730;120;136
KYT0NWP;Boci;tej;banános;2023.01.04;870;100;68
4GDX5SO;Boci;tej;nugátos;2022.08.24;610;50;17
G8KGNYF;Milka;ét;almás-fahéjas;2022.12.09;310;85;85
RQ8DT7X;Americana;tej;banános;2022.12.11;670;150;119
G1U14PW;Lindt;tej;csilis;2022.09.04;320;40;34
HSRL11W;Boci;ét;csilis;2022.10.21;690;120;34
6HOUXX4;Lindt;ét;csilis;2022.12.08;800;115;34
TUJKADV;Boci;tej;mikulás;2022.12.26;260;50;68
XZ86QSC;Sports;tej;nugátos;2022.09.15;500;95;85
1RUZUVR;Sports;tej;fehércsokis;2022.11.09;1100;60;68
ZTCEEGI;Americana;tej;csilis;2023.01.08;500;70;136
5APR71L;Lindt;ét;mogyorós;2022.10.25;520;50;51
NS7S7WU;Milka;tej;mandulás-narancsos;2023.02.09;690;145;0
ZM8LLLE;Sports;tej;töltetlen;2022.11.07;940;125;85
LA0XQMF;Boci;ét;nugátos;2023.02.12;1190;140;136
J9RRXDF;Americana;ét;töltetlen;2023.01.28;520;120;0
2IZ9J0T;Sports;tej;csilis;2023.01.17;500;130;68
3ABGZ07;Lindt;tej;banános;2022.08.31;550;40;102
X142EZ5;Lindt;ét;mandulás-narancsos;2023.01.20;740;115;85
Q7947CX;Americana;tej;fehércsokis;2023.02.17;740;150;34
IGCK40Z;Sports;ét;ördög;2022.11.22;810;115;136
D8C7L11;Americana;ét;ördög;2022.09.25;270;95;51
M1TNYE6;Sports;tej;ananászos;2023.03.05;920;130;17
HNTZJQ1;Boci;ét;csilis;2023.03.05;1170;95;0
AO84TAF;Lindt;tej;csilis;2022.12.19;860;75;0
LVHA4NS;Boci;tej;csilis;2022.11.24;380;120;136
9X3MSTR;Milka;tej;ananászos;2023.01.17;310;45;136
BMWPHNS;Milka;ét;mogyorós;2022.09.28;400;135;17
6K63JRZ;Lindt;tej;mandulás-narancsos;2022.11.10;890;65;153
VUWJDGP;Lindt;ét;banános;2023.02.15;360;145;51
7VP2YM4;Milka;tej;csilis;2023.02.14;580;45;34
L68LAA6;Milka;tej;ananászos;2023.03.04;340;140;68
VSUN58H;Americana;tej;almás-fahéjas;2022.10.10;270;130;68
R5X45IW;Boci;tej;ananászos;2022.10.25;890;90;85
XD78JWM;Boci;tej;töltetlen;2022.08.25;1030;85;17
34L5NDD;Lindt;ét;ördög;2022.08.21;1120;115;102
B5S2KJU;Milka;tej;mikulás;2023.03.04;580;45;119
B6ZPV41;Milka;ét;töltetlen;2022.12.04;900;120;68
21X4MT1;Sports;tej;nugátos;2022.11.01;1070;130;102
CA14LU9;Americana;tej;töltetlen;2022.10.12;750;95;17
OBGQ955;Boci;tej;fehércsokis;2023.01.16;1080;110;136
1WU4J4H;Americana;tej;mandulás-narancsos;2022.11.21;1060;145;85
XZTK4BH;Milka;ét;mandulás-narancsos;2022.12.13;1100;85;85
6GGOIW9;Sports;tej;mikulás;2022.12.13;300;110;119
ZJBIWOW;Milka;ét;banános;2022.09.03;1090;70;68
2O2ZG14;Sports;tej;almás-fahéjas;2022.10.06;330;100;0
ZB01RTD;Lindt;tej;mogyorós;2022.11.19;1010;105;51
5ZK9IO0;Lindt;ét;nugátos;2023.01.24;700;135;68
CYKZ7XK;Boci;tej;mandulás-narancsos;2023.01.21;800;65;34
G9Z0UF9;Boci;ét;csilis;2022.10.14;610;55;68
NAQMT0M;Lindt;tej;mandulás-narancsos;2022.12.04;1040;80;17
T5NTPZ9;Lindt;tej;mikulás;2023.02.11;990;30;17
6EN3UWC;Americana;tej;almás-fahéjas;2023.02.09;1030;75;51
Q5F9FPJ;Americana;tej;banános;2022.08.21;760;70;34
7K0QE11;Americana;tej;ördög;2022.12.24;600;90;153
4CNOPYL;Americana;tej;ördög;2022.09.20;1130;130;102
5164W9R;Americana;tej;ananászos;2023.02.25;370;150;85
AP037N8;Milka;ét;almás-fahéjas;2022.12.15;450;40;85
GWDTCA1;Boci;tej;banános;2022.11.08;610;40;0
SWUE0XY;Boci;tej;csilis;2023.02.02;1050;50;34
ZPHYG4U;Boci;ét;fehércsokis;2022.12.24;360;115;17
NP24DOY;Americana;ét;nugátos;2022.10.27;530;40;153
CWPIMFG;Americana;ét;almás-fahéjas;2022.12.13;420;90;51
U9BEBUK;Sports;tej;almás-fahéjas;2022.12.22;1020;55;17
BW8TUVI;Lindt;tej;mikulás;2023.02.22;960;75;136
UI0XTTT;Americana;tej;banános;2023.03.05;1000;135;0
P0CCYEL;Americana;ét;almás-fahéjas;2022.08.22;330;80;68
PWAXK8E;Sports;tej;csilis;2022.10.17;260;85;153
MM0RY9A;Milka;tej;ananászos;2022.10.20;330;35;85
3WWSPWW;Lindt;ét;fehércsokis;2023.01.23;660;95;51
B9F3HXC;Sports;ét;ördög;2022.10.18;570;95;102
I99EXMF;Lindt;tej;csilis;2023.01.04;900;45;85
J4YMWGI;Milka;tej;mogyorós;2022.10.02;500;65;153
FVP8E9H;Americana;ét;nugátos;2023.01.15;1010;100;153
I36DF91;Boci;tej;csilis;2022.08.24;750;100;136
MGHRRO9;Lindt;ét;ananászos;2022.11.08;1160;105;119
LDAO036;Lindt;ét;fehércsokis;2023.03.03;970;145;85
3I6Z88J;Americana;tej;ördög;2022.10.06;440;40;17
OXZ8THA;Milka;ét;töltetlen;2022.10.28;1110;130;34
SDPVR3Y;Milka;tej;fehércsokis;2023.01.18;1050;145;0
JSGZLRT;Lindt;ét;ananászos;2022.12.06;440;70;17
5KAW6C5;Boci;tej;fehércsokis;2022.10.08;840;100;136
5ZH3KJB;Americana;tej;almás-fahéjas;2022.10.01;890;100;136
4SQ2GBG;Americana;tej;almás-fahéjas;2022.08.28;350;40;51
S0SG95W;Milka;tej;töltetlen;2022.09.03;600;150;51
GWDF80T;Lindt;tej;csilis;2023.02.04;230;95;17
17RJ5ES;Lindt;tej;banános;2022.09.22;920;65;119
49MQM5A;Lindt;tej;mikulás;2023.01.17;720;90;34
DGY79PC;Lindt;ét;ördög;2022.08.29;1080;60;102
OWR7G1N;Milka;tej;mikulás;2022.11.03;410;95;34
R5CV8OI;Sports;tej;banános;2022.08.30;980;115;51
Q24YA8G;Lindt;tej;töltetlen;2022.11.14;850;45;102
KFPXM9M;Americana;ét;ananászos;2022.08.24;1050;80;34
7VQB49M;Americana;tej;ördög;2022.09.12;310;80;102
IMH3517;Sports;ét;csilis;2023.02.26;610;115;153
EX0MINP;Milka;ét;nugátos;2023.01.23;1050;35;85
YFWSAWF;Sports;tej;töltetlen;2022.11.24;960;145;153
61PZRVP;Boci;ét;mandulás-narancsos;2022.12.10;1120;80;136
TOYVDE7;Sports;tej;almás-fahéjas;2022.10.12;340;55;136
06AFKY9;Sports;ét;csilis;2022.09.20;640;150;34
J8ECAJB;Milka;tej;almás-fahéjas;2022.10.19;1190;85;51
M2E8VJ1;Lindt;tej;töltetlen;2022.09.13;310;90;102
RDCQ0TC;Sports;ét;ananászos;2023.02.20;610;40;102
UUYL067;Boci;tej;nugátos;2023.02.13;450;105;51
W95KYA5;Americana;tej;csilis;2022.11.06;800;120;136
6I4U40Y;Sports;tej;ördög;2023.01.22;630;85;34
PJJ0CAI;Sports;ét;nugátos;2022.09.16;830;45;136
5S9IVQU;Milka;tej;nugátos;2022.11.12;1200;145;153
5H4GW64;Milka;tej;ördög;2022.09.26;940;60;68
4FQE6V8;Sports;tej;fehércsokis;2022.08.27;680;85;119
GV7Z4W5;Sports;tej;mikulás;2022.11.27;980;40;102
XL8Y8QU;Milka;tej;mikulás;2022.09.21;340;50;119
0P3DVS8;Lindt;tej;csilis;2022.11.30;550;90;34
3QJO8Q2;Lindt;ét;nugátos;2022.12.18;800;150;85
D89O1DT;Americana;ét;ördög;2022.10.15;1110;60;51
F5RYTV8;Sports;tej;banános;2022.10.06;330;30;17
5UI5Z3W;Lindt;tej;fehércsokis;2023.03.03;1050;80;153
LCY4BD9;Sports;tej;ananászos;2022.12.28;870;55;153
IKYYQGQ;Americana;tej;mogyorós;2023.01.22;390;125;119
MUPEMI1;Americana;ét;csilis;2022.10.16;960;115;34
550CBI9;Boci;tej;csilis;2022.11.24;990;80;68
CTWJFWO;Sports;tej;almás-fahéjas;2022.09.08;740;45;34
F4Q4THG;Boci;tej;mandulás-narancsos;2022.09.20;770;125;119
WB3EX9K;Milka;tej;ördög;2022.08.27;430;145;17
GBF2F99;Sports;tej;ananászos;2023.01.08;1050;35;102
8BTMS1W;Sports;tej;csilis;2022.12.19;470;50;17
MKDZPWJ;Milka;tej;banános;2023.01.13;860;145;17
AG7T0JZ;Sports;tej;töltetlen;2022.10.13;590;140;17
UK62CVJ;Boci;ét;almás-fahéjas;2022.08.29;830;40;51
3K90PGS;Milka;tej;ananászos;2023.02.16;650;75;0
MDLHGSS;Sports;tej;töltetlen;2023.02.19;400;140;136
NRM29PH;Milka;tej;banános;2022.10.14;460;65;68
BK2KK9A;Americana;tej;banános;2022.12.30;1050;40;119
4ET59QP;Americana;tej;ananászos;2023.01.03;550;120;17
PAOE9IT;Lindt;ét;nugátos;2023.02.10;820;95;0
W5UZ14J;Boci;ét;töltetlen;2022.09.05;730;90;0
EBO4QG8;Sports;tej;csilis;2022.10.02;910;30;153
14S7742;Sports;tej;mogyorós;2022.09.10;980;140;119
54AYP1N;Boci;ét;ördög;2022.10.20;230;30;51
MKCB9II;Lindt;tej;mogyorós;2022.09.25;890;90;153
6I9HE44;Boci;tej;csilis;2022.08.28;610;140;34
QZDQGBS;Milka;ét;töltetlen;2022.10.21;990;140;0
A1D58C2;Milka;tej;töltetlen;2022.11.18;250;70;68
DKVL04D;Americana;tej;ananászos;2023.03.03;280;55;17
JJXKSMM;Sports;ét;ördög;2023.02.08;230;90;68
UEO39CU;Sports;tej;csilis;2023.01.31;400;75;85
IO5FG9Y;Lindt;ét;ördög;2022.08.28;780;95;17
2S2E41K;Lindt;tej;banános;2023.02.12;550;110;68
T4YR3MV;Milka;ét;mogyorós;2022.10.01;940;40;136
F3G08GY;Milka;tej;mikulás;2023.01.20;490;65;85
XZE3OPZ;Boci;ét;csilis;2023.01.08;350;80;153
FV3EM2J;Lindt;tej;ördög;2022.09.08;800;40;0
989RFLY;Milka;tej;mikulás;2022.09.14;1180;80;102
PVP9B36;Boci;tej;töltetlen;2022.08.30;350;50;136
PXENCJK;Sports;ét;mogyorós;2022.10.11;630;65;68
4YVXYPU;Milka;ét;csilis;2022.12.19;770;80;85
EVC0I0I;Sports;tej;mikulás;2022.11.26;520;70;85
DSL81FM;Americana;ét;ananászos;2022.10.16;390;45;119
KAQL088;Americana;tej;töltetlen;2022.09.26;1190;135;51
X0I4HVG;Milka;ét;töltetlen;2023.01.20;240;130;68
37WKYS8;Lindt;tej;mogyorós;2023.01.17;390;145;0
KU59IXE;Sports;tej;banános;2022.10.08;360;60;68
13UCE91;Milka;tej;mandulás-narancsos;2022.12.18;650;95;0
ZYGI4ES;Lindt;tej;mogyorós;2022.11.23;360;100;0
A6SXB4E;Sports;tej;banános;2023.03.07;260;70;34
1W9VJIH;Milka;tej;ördög;2023.01.28;790;120;0
X6A5OQB;Lindt;tej;mandulás-narancsos;2023.01.27;1000;100;136
4VYLSHU;Americana;ét;almás-fahéjas;2022.11.23;980;55;68
43FUVJG;Americana;tej;banános;2023.01.22;230;105;17
A1DGJ5I;Boci;tej;csilis;2022.12.10;830;105;51
9YP5FXL;Lindt;tej;mikulás;2022.11.03;920;135;119
WJCD9RT;Americana;tej;ördög;2023.01.11;340;70;153
DANX1MW;Boci;tej;nugátos;2023.01.21;470;70;136
X826ZXP;Lindt;tej;mandulás-narancsos;2022.11.22;370;70;153
BP6N9D4;Sports;tej;banános;2022.12.07;300;145;153
EG0K88N;Milka;tej;fehércsokis;2022.11.04;830;60;136
M08GANS;Milka;tej;ördög;2022.11.22;1140;130;68
IU1FYDQ;Milka;tej;mandulás-narancsos;2022.12.07;750;100;34
Z3YCE0J;Boci;ét;mandulás-narancsos;2023.02.08;630;45;153
RZ7RJIB;Boci;ét;ananászos;2022.11.17;250;145;68
S828BXP;Americana;tej;almás-fahéjas;2022.11.05;880;60;34
DA9K05C;Milka;tej;mikulás;2022.09.26;410;45;85
96M289V;Boci;tej;nugátos;2022.10.19;250;35;102
4QI306N;Boci;ét;csilis;2023.01.24;980;80;85
X95VDME;Boci;tej;csilis;2022.11.17;340;50;85
CDMIBJI;Lindt;tej;csilis;2023.01.06;1200;55;85
ZRSJ1ZJ;Americana;tej;mikulás;2022.10.07;690;150;34
7HH6681;Lindt;tej;nugátos;2022.10.03;300;35;85
BUD0K02;Americana;tej;mikulás;2022.09.08;400;105;0
RS20GU6;Americana;tej;mogyorós;2022.12.27;320;35;119
9W5VZVR;Sports;tej;mandulás-narancsos;2022.10.12;1120;80;51
R2SN0SX;Milka;tej;mogyorós;2023.02.18;620;70;136
53X9149;Boci;tej;ananászos;2022.10.29;260;75;68
H8HS2YJ;Boci;tej;banános;2023.01.05;1140;45;0
W89NR97;Americana;tej;almás-fahéjas;2022.10.02;1160;135;136
YNRJPB1;Milka;ét;mikulás;2022.09.30;270;90;102
0WA91LC;Sports;tej;csilis;2023.02.01;360;150;34
EOVPDEC;Americana;tej;ördög;2022.12.06;850;75;85
JAIFYO6;Americana;tej;banános;2022.11.16;260;115;85
M541E65;Boci;tej;fehércsokis;2022.09.03;810;125;136
A7XNX24;Boci;tej;csilis;2023.01.09;260;145;85
VQA1WUO;Sports;tej;almás-fahéjas;2023.02.26;730;105;51
5ASSFN1;Sports;ét;mogyorós;2022.09.02;900;120;17
W0517SR;Milka;ét;banános;2022.09.04;230;115;85
H2OIDIZ;Lindt;tej;banános;2023.02.15;1150;145;51
C3WX4HM;Lindt;tej;csilis;2023.01.02;530;70;102
CB8Y1B4;Milka;tej;ördög;2022.11.18;1060;30;153
WTVVTY4;Milka;tej;ananászos;2022.11.14;1180;150;51
6U1C0A6;Lindt;tej;ördög;2022.09.10;660;140;102
EEEVNHP;Americana;ét;mandulás-narancsos;2022.12.22;830;65;17
ENZDX71;Boci;ét;nugátos;2023.02.09;330;80;102
YYQBH10;Americana;tej;nugátos;2022.11.12;1130;140;68
KG5HPQ3;Americana;tej;ananászos;2022.09.08;230;90;34
H1L9HRX;Sports;tej;almás-fahéjas;2023.01.31;710;90;153
DO686WD;Sports;ét;fehércsokis;2023.02.05;330;115;85
QFWZ2MI;Lindt;tej;mikulás;2022.10.16;700;115;0
ZJEK4NL;Sports;tej;ananászos;2022.10.01;1130;130;102
DY7NHB6;Americana;tej;mikulás;2023.02.19;1050;50;119
30SJ6J3;Milka;ét;mandulás-narancsos;2022.12.03;580;40;0
9PM4U4Z;Lindt;tej;almás-fahéjas;2022.12.27;630;120;68
5PD19OK;Americana;tej;csilis;2022.10.12;880;50;119
L39YUA5;Americana;tej;fehércsokis;2022.10.08;740;150;85
ZEK1L6C;Lindt;ét;ördög;2022.08.21;1010;120;102
YK4CKG9;Americana;tej;fehércsokis;2022.10.26;480;110;34
LCLQJ95;Boci;tej;fehércsokis;2023.02.13;650;140;51
4CE3DMM;Lindt;tej;töltetlen;2023.02.08;440;30;34
TJ6HOQC;Sports;tej;mandulás-narancsos;2023.02.11;730;80;153
K96UPJT;Americana;tej;csilis;2022.10.05;850;115;0
JR4R7LW;Americana;tej;fehércsokis;2023.01.19;860;50;85
I1WWOB2;Lindt;ét;csilis;2022.10.03;930;115;0
IF59PW1;Americana;ét;csilis;2022.11.08;530;40;102
AEAAOLG;Sports;tej;töltetlen;2022.11.07;710;50;0
UD85T42;Boci;ét;ördög;2022.12.29;940;110;102
ABL3SQG;Sports;tej;ördög;2023.02.12;980;35;119
A1ZOS1E;Sports;ét;ananászos;2022.10.10;880;85;68
HU52WS1;Lindt;ét;csilis;2022.12.15;800;150;85
4O8IGZR;Americana;tej;ördög;2022.12.16;1010;30;17
4Z4V3R6;Sports;tej;mogyorós;2023.02.22;370;55;0
FL2BYBO;Sports;tej;töltetlen;2023.01.05;900;110;34
98X3S59;Sports;tej;nugátos;2022.09.05;250;75;153
9WWODIM;Milka;tej;mikulás;2022.09.15;300;150;51
4500KDY;Boci;tej;nugátos;2022.11.22;570;45;136
X93IPVV;Boci;tej;almás-fahéjas;2023.02.09;440;105;17
R4UV41V;Boci;tej;banános;2023.01.18;650;60;0
IJM5JMX;Milka;tej;mandulás-narancsos;2022.11.27;960;80;153
5L33N2K;Americana;tej;mogyorós;2022.12.31;490;100;51
A9XZD2O;Americana;tej;ördög;2022.12.14;400;140;102
9TE04G8;Lindt;tej;csilis;2022.10.18;310;65;68
6E21JWA;Boci;ét;csilis;2022.10.10;1200;90;85
8PW0RXQ;Milka;tej;ananászos;2023.03.03;280;105;34
9S0GLXL;Lindt;tej;nugátos;2022.12.07;1000;55;136
IVKZ9E1;Milka;tej;mikulás;2022.09.22;700;95;68
1J7YJ1U;Lindt;tej;fehércsokis;2022.09.01;380;80;136
GKGXU4X;Lindt;ét;nugátos;2022.09.19;1180;70;119
T3EFW8A;Milka;tej;mandulás-narancsos;2022.11.05;1030;55;153
Y59HG1I;Lindt;tej;csilis;2022.11.18;900;145;102
DS1FIKK;Boci;ét;banános;2022.12.21;300;70;34
XOSLRJO;Sports;tej;almás-fahéjas;2022.09.16;550;60;119
W8EOUUR;Sports;tej;ördög;2023.02.21;610;95;0
2PU6NZN;Americana;tej;mandulás-narancsos;2022.10.10;780;120;136
IBKB0VQ;Boci;tej;ananászos;2022.09.25;320;65;119
4L4SDD1;Sports;tej;fehércsokis;2023.01.20;860;90;68
7056R81;Milka;ét;banános;2023.01.07;1190;150;34
F51XY23;Lindt;ét;nugátos;2023.02.17;550;135;68
6V06CPV;Sports;tej;ananászos;2022.11.27;310;95;51
85SMQH8;Sports;tej;fehércsokis;2023.01.26;930;120;0
HP6SWH0;Milka;ét;mogyorós;2022.10.07;420;120;85
V8IFFP8;Sports;ét;banános;2023.02.23;550;55;153
QUT4R0C;Boci;tej;csilis;2022.11.03;1040;130;153
XOH6NP5;Milka;tej;fehércsokis;2023.02.06;250;115;17
MCLB2IZ;Boci;tej;ananászos;2023.01.14;780;35;153
PGMI9OP;Americana;tej;mikulás;2022.11.07;840;75;153
KKXLQHY;Boci;tej;almás-fahéjas;2023.01.18;530;85;153
BF63D6K;Milka;tej;ördög;2022.10.31;690;100;0
7R6USIE;Milka;tej;ördög;2022.12.16;1060;135;0
0G2G048;Americana;tej;csilis;2022.09.01;910;80;85
X3TQ0TY;Lindt;tej;mikulás;2023.03.06;620;65;153
YJ65QWZ;Sports;tej;fehércsokis;2022.12.09;790;30;119
VQXD88H;Sports;tej;csilis;2022.09.21;520;120;0
LV2XZLQ;Milka;ét;mogyorós;2022.10.28;470;145;34
UG9MZ6U;Americana;tej;fehércsokis;2022.09.23;350;140;136
LHQTV1U;Lindt;tej;töltetlen;2023.02.16;750;90;17
R6DYQQB;Milka;tej;ördög;2022.10.07;1120;75;136
QJCD86P;Americana;tej;csilis;2022.11.17;1020;145;153
1WUX1RI;Lindt;tej;mandulás-narancsos;2023.01.31;1070;140;0
3J522WQ;Milka;tej;mandulás-narancsos;2023.01.22;1200;105;68
43EMYJY;Sports;tej;csilis;2023.01.30;1170;35;153
JD0RHAH;Americana;tej;almás-fahéjas;2023.02.08;550;105;0
6QOOCZN;Lindt;ét;mogyorós;2023.02.23;1030;65;153
MZ33F5O;Boci;ét;nugátos;2022.09.15;310;120;17
9TK2T3K;Milka;ét;fehércsokis;2022.12.06;690;70;51
642F9XH;Boci;tej;almás-fahéjas;2022.09.30;740;100;85
YZQS3QD;Boci;ét;nugátos;2022.08.20;780;150;136
9APVRYN;Boci;ét;nugátos;2022.09.19;260;115;119
J2S21F0;Sports;tej;mikulás;2022.10.04;880;115;85
28CS0XN;Americana;ét;banános;2022.09.18;650;140;34
F15PW9S;Americana;tej;csilis;2022.09.18;840;145;51
TGHFZSK;Boci;tej;mikulás;2023.01.01;850;90;68
HV7M06L;Boci;ét;almás-fahéjas;2022.08.23;470;55;153
WNUIPGT;Milka;tej;töltetlen;2023.02.22;1150;40;102
0ASFTW5;Milka;tej;almás-fahéjas;2022.09.13;630;70;34
RXVXOOC;Sports;tej;mogyorós;2023.02.01;640;115;68
K0HNSZ1;Sports;ét;fehércsokis;2022.08.29;930;115;153
WXCWAL3;Sports;ét;mandulás-narancsos;2022.11.06;870;150;85
8XZ816D;Sports;tej;mogyorós;2022.11.21;1110;45;136
R89PFCE;Americana;ét;fehércsokis;2022.12.30;290;95;102
M43XQ3O;Lindt;tej;töltetlen;2022.09.21;600;85;153
BYOK1F9;Milka;tej;nugátos;2022.10.20;340;50;153
2QQLZ1V;Americana;tej;csilis;2022.09.26;910;90;136
MJ3ZCRZ;Lindt;ét;banános;2023.01.14;420;30;17
Y7AE6I7;Lindt;tej;csilis;2022.08.21;700;125;34
BMVJC15;Milka;tej;nugátos;2022.12.19;400;115;34
1O8SWAL;Lindt;tej;mogyorós;2022.12.21;830;105;153
6O3BRZQ;Americana;tej;almás-fahéjas;2022.09.20;950;125;0
YLJRR3X;Lindt;tej;fehércsokis;2022.11.29;330;30;68
F3403S4;Boci;tej;ananászos;2022.10.11;700;90;102
840RLJ1;Sports;ét;ananászos;2022.12.28;330;130;102
FPMNPE9;Americana;tej;ananászos;2022.10.27;740;40;102
9FEFDHJ;Boci;tej;csilis;2022.12.01;260;40;136
3FIRPQ0;Sports;tej;mikulás;2022.10.03;1060;140;85
6D3IJJ3;Sports;tej;nugátos;2023.02.20;760;130;0
AVLXNZP;Lindt;tej;banános;2023.01.15;910;125;34
ED91064;Lindt;tej;mandulás-narancsos;2022.12.04;1110;70;85
8N37JVD;Lindt;tej;töltetlen;2022.10.13;720;105;136
AMEQ694;Sports;tej;ananászos;2022.10.08;690;120;17
VG3IJFM;Americana;ét;almás-fahéjas;2022.10.27;690;130;102
HMB1146;Milka;tej;mogyorós;2023.01.20;330;55;102
FP0DD99;Sports;tej;banános;2022.11.30;820;130;119
O2IJYHH;Lindt;ét;banános;2022.10.09;1180;45;0
5Z7N3K5;Lindt;tej;csilis;2022.09.29;760;45;51
AOIJXRX;Americana;tej;töltetlen;2022.11.02;370;85;0
3XTMONV;Americana;tej;fehércsokis;2022.09.27;680;115;136
YQD2CEQ;Americana;tej;fehércsokis;2023.01.13;690;40;102
PX7P5LA;Sports;tej;nugátos;2022.11.08;730;80;68
P872O23;Lindt;tej;töltetlen;2023.02.26;690;120;136
6AMT2NL;Boci;tej;mikulás;2022.09.20;810;60;102
R2F6U1W;Lindt;tej;csilis;2022.12.14;680;90;119
09YGT38;Lindt;tej;töltetlen;2022.12.18;890;40;51
3LXVU50;Boci;ét;mandulás-narancsos;2022.10.13;760;110;34
OSGF79I;Americana;tej;ananászos;2023.02.05;230;45;34
VQAJLWG;Boci;ét;ananászos;2022.11.04;810;85;153
XDJS97T;Milka;tej;banános;2022.09.09;700;90;119
LEJDA8I;Boci;tej;mandulás-narancsos;2023.01.27;410;130;102
0JKOFCX;Lindt;tej;mogyorós;2022.08.23;430;60;153
584XC6Z;Americana;tej;mogyorós;2022.09.30;750;40;34
JJ4ST2B;Boci;tej;töltetlen;2022.10.01;300;35;102
7L8LJW4;Milka;tej;almás-fahéjas;2023.02.04;470;95;34
BKD3BUG;Milka;tej;töltetlen;2023.02.05;870;85;34
JO67P0B;Boci;ét;banános;2022.09.15;590;120;0
E0PQVUA;Sports;tej;csilis;2022.09.13;1020;135;153
LTYLZ7V;Sports;tej;ördög;2022.10.06;350;55;153
KCVWD39;Lindt;ét;csilis;2022.11.14;390;150;0
4U208LX;Lindt;ét;csilis;2022.12.15;350;120;119
U1P82O7;Boci;ét;csilis;2023.01.27;480;145;85
0H4XUVT;Milka;tej;mogyorós;2022.08.23;1040;55;102
1R709L4;Milka;ét;csilis;2022.09.15;710;80;51
JXNR7CN;Milka;tej;mandulás-narancsos;2022.09.04;1010;70;51
27X31QA;Boci;tej;csilis;2022.10.02;710;150;51
NAKT4M6;Milka;tej;töltetlen;2022.10.13;250;40;0
VWA0ZIS;Sports;tej;csilis;2022.10.09;410;150;119
ZSX3207;Americana;tej;banános;2023.01.25;1150;130;136
HC2R9DV;Americana;tej;banános;2023.01.05;900;125;119
8S8HKWC;Boci;tej;töltetlen;2023.02.10;840;145;68
RF323H0;Boci;tej;fehércsokis;2022.09.07;520;60;102
MJYXAMF;Boci;ét;banános;2022.09.28;1070;115;68
VO57FV2;Boci;tej;ördög;2023.02.11;360;100;51
QQGESHX;Americana;ét;mikulás;2023.02.14;890;30;0
POUXZVD;Boci;tej;banános;2023.01.20;1170;45;68
CNVQV9J;Sports;ét;nugátos;2023.03.03;810;45;0
SFW2WQ1;Sports;ét;mandulás-narancsos;2023.02.23;1120;35;51
8LZ28XG;Milka;ét;fehércsokis;2022.09.21;370;120;34
WH3FLNI;Americana;ét;csilis;2023.02.22;960;75;0
N1G36C8;Lindt;tej;mandulás-narancsos;2023.01.07;1050;120;17
QHJMDHV;Milka;tej;csilis;2022.12.21;1000;150;17
GP7VKZI;Milka;ét;ördög;2023.02.28;540;30;153
RC6JZMW;Boci;tej;csilis;2023.01.22;420;45;51
Q55A11X;Milka;tej;nugátos;2022.12.18;270;100;0
8MKN8KX;Milka;tej;csilis;2023.01.09;980;115;34
4IO7J1N;Lindt;tej;banános;2022.12.17;1060;115;102
9WZ7A4E;Boci;tej;mogyorós;2023.01.29;820;50;51
FIQK3O3;Boci;ét;ananászos;2023.01.14;990;55;102
N1755R0;Sports;tej;mandulás-narancsos;2022.11.26;500;95;34
SSZVQVQ;Boci;ét;fehércsokis;2022.12.28;730;50;51
F8047X6;Americana;ét;csilis;2023.02.05;380;60;119
6Z6JK1M;Boci;tej;fehércsokis;2023.02.05;230;135;119
O85ZT61;Lindt;ét;banános;2022.09.19;880;75;153
3AZ6DQD;Sports;tej;mikulás;2023.01.28;510;60;68
MJZHSMW;Milka;tej;almás-fahéjas;2022.12.29;920;35;119
U30ULD9;Sports;tej;nugátos;2022.12.20;460;45;17
P9N0V42;Lindt;tej;almás-fahéjas;2023.01.05;290;100;17
1O35O1L;Lindt;tej;csilis;2023.02.06;300;35;102
Z238Z94;Sports;tej;csilis;2023.01.08;400;30;51
RHEWP62;Milka;tej;nugátos;2022.11.18;1150;135;85
LQEP5AO;Milka;tej;nugátos;2023.01.15;940;95;119
6J686X2;Sports;tej;csilis;2022.11.07;740;85;85
MX6BPVR;Americana;tej;csilis;2023.03.05;270;130;0
245330Y;Boci;tej;ananászos;2023.03.04;990;75;17
2BAFV7B;Boci;tej;ördög;2023.01.09;1030;85;102
R9AIC1M;Americana;ét;töltetlen;2022.10.09;1020;135;119
3PNS7XE;Sports;tej;fehércsokis;2023.02.15;910;105;119
IGH7DS8;Americana;ét;fehércsokis;2023.02.08;880;150;68
H4F0TOC;Americana;tej;töltetlen;2023.01.03;330;80;102
60ICHS7;Sports;tej;mogyorós;2022.10.02;880;55;119
RBJ7JB3;Lindt;tej;nugátos;2022.12.12;760;60;51
2PEU35N;Lindt;tej;mandulás-narancsos;2022.08.25;860;65;136
L73H060;Milka;tej;ananászos;2022.10.30;480;40;136
UGHX96G;Americana;ét;nugátos;2022.12.14;230;40;51
GCETOH5;Boci;tej;töltetlen;2022.11.23;830;65;17
CZ1CLMA;Milka;tej;mandulás-narancsos;2022.08.31;980;100;153
6QFWV93;Americana;tej;mandulás-narancsos;2023.02.20;1120;135;102
ZT20YMY;Lindt;ét;mikulás;2022.09.06;230;75;153
Z8YPAF7;Milka;tej;töltetlen;2022.08.30;980;55;51
XN8M18R;Sports;tej;almás-fahéjas;2022.09.09;790;95;153
N7VHWXU;Americana;ét;mogyorós;2022.08.27;300;110;17
1S5RD48;Americana;tej;mandulás-narancsos;2022.12.24;900;45;0
M1N0FI8;Sports;tej;almás-fahéjas;2022.11.10;370;60;0
L1QRSRF;Milka;tej;töltetlen;2023.02.25;320;55;119
X4XDX7F;Milka;tej;töltetlen;2022.11.26;890;95;0
YVC0L3U;Milka;tej;mandulás-narancsos;2023.02.25;260;55;136
T3M3H0F;Milka;tej;mogyorós;2022.11.17;740;125;153
Q3ES0DH;Sports;tej;töltetlen;2022.11.23;600;50;136
RT8AYX8;Lindt;ét;csilis;2023.02.01;580;60;34
TVWF90F;Boci;tej;mogyorós;2022.11.29;650;40;17
S9XKUKL;Boci;tej;ördög;2022.10.04;460;135;34
VR2UVD3;Boci;ét;ördög;2022.12.16;480;90;153
I6A6467;Boci;tej;töltetlen;2022.11.21;530;40;17
MGUNZ1T;Boci;tej;almás-fahéjas;2022.10.06;790;110;34
1IS8DFY;Milka;ét;csilis;2023.02.27;900;140;51
JK3AV89;Americana;ét;mandulás-narancsos;2022.11.10;230;135;68
XYHJVDT;Boci;ét;mikulás;2022.10.23;730;140;136
7UL06MO;Boci;tej;banános;2022.11.21;580;110;153
25OJ8JX;Milka;tej;csilis;2022.12.03;520;90;153
6VKDEV7;Lindt;tej;csilis;2022.12.19;1080;145;0
83HL159;Sports;ét;ananászos;2022.12.27;1080;130;136
1JY28K5;Milka;ét;almás-fahéjas;2022.12.25;1060;60;68
LKE211I;Sports;tej;nugátos;2023.01.17;1090;60;119
71S35MW;Sports;tej;ördög;2022.10.07;850;150;0
O6LUJ8O;Sports;tej;ördög;2022.10.31;470;100;153
YNYPFG5;Boci;ét;mikulás;2022.10.01;290;110;51
GK6DX9U;Lindt;tej;almás-fahéjas;2022.10.30;300;85;51
61EXBXM;Boci;ét;mogyorós;2022.12.27;340;55;102
2EXKFAQ;Milka;tej;almás-fahéjas;2023.01.22;940;75;51
X2JB6HM;Sports;tej;nugátos;2023.02.26;570;30;17
TYN4U3G;Boci;ét;töltetlen;2022.11.19;390;70;34
1PI7A1B;Milka;ét;ördög;2023.03.05;510;70;68
DF2SBX4;Americana;ét;csilis;2023.02.18;370;105;51
5NK7PQE;Americana;tej;almás-fahéjas;2023.01.01;1040;110;119
O6OC3RO;Milka;tej;mogyorós;2022.11.10;980;95;153
ZGCBS5D;Boci;tej;fehércsokis;2022.12.14;1090;45;17
9O55C3M;Americana;ét;ördög;2022.12.11;990;60;51
V8ZCXCF;Milka;ét;mogyorós;2022.12.23;840;85;68
5KFEZMQ;Americana;tej;banános;2022.10.29;1020;40;51
2KY8Z2T;Sports;ét;mikulás;2022.09.08;470;55;153
1U6BRGZ;Boci;tej;ördög;2023.02.04;390;110;85
A1E3PWK;Milka;ét;almás-fahéjas;2022.12.15;800;75;85
1IKXFY6;Americana;ét;mikulás;2022.10.25;290;150;136
E02JY7X;Americana;ét;ananászos;2022.12.25;550;135;51
ISTA63G;Americana;tej;töltetlen;2023.02.17;240;55;153
E7DUO2F;Lindt;tej;banános;2022.12.22;850;130;85
2SLC99Z;Lindt;tej;almás-fahéjas;2023.02.26;320;100;136
RTJ78PR;Sports;tej;csilis;2022.12.24;470;130;17
DXVCZL8;Americana;tej;ananászos;2022.10.25;1170;50;153
3QC8Z0Z;Sports;ét;ördög;2022.11.23;600;90;153
N09SLXK;Americana;tej;ördög;2022.10.31;1130;65;68
OZ1M8O8;Milka;tej;almás-fahéjas;2022.12.04;580;130;153
6VAC2VI;Lindt;ét;töltetlen;2022.08.25;490;135;119
45GOMS8;Milka;tej;ördög;2023.01.18;1010;150;119
WML20BX;Boci;tej;ördög;2022.12.03;910;115;51
K594MKI;Milka;tej;mikulás;2022.12.25;1170;65;85
XS20ZUW;Milka;ét;nugátos;2022.10.21;1190;145;68
U67H610;Boci;tej;csilis;2023.02.13;950;140;17
PY4H405;Sports;tej;mikulás;2023.01.11;590;35;17
OSOAHN4;Americana;tej;csilis;2022.08.22;600;30;34
09GNSEA;Sports;ét;töltetlen;2023.01.24;520;40;153
NAW0KRE;Lindt;ét;mandulás-narancsos;2022.12.12;1200;95;34
H507TNJ;Americana;tej;csilis;2022.10.18;320;65;85
YIU7S0S;Sports;ét;csilis;2022.12.17;480;130;51
NX874XK;Boci;tej;csilis;2022.10.16;270;85;0
N6EHM5O;Milka;tej;fehércsokis;2022.12.01;960;140;119
UA4CVCI;Milka;ét;almás-fahéjas;2022.10.21;750;60;0
AMGICQG;Boci;ét;mikulás;2022.09.04;1010;50;34
3DQZE7D;Milka;tej;csilis;2022.11.05;1080;75;153
BHYNE52;Americana;tej;nugátos;2023.01.29;390;150;102
RJMBYIE;Boci;tej;banános;2022.12.01;1040;95;85
QQN9JGW;Lindt;ét;mogyorós;2023.02.14;900;85;68
W77Y20B;Sports;tej;mikulás;2023.01.03;780;95;119
M8RQMEO;Lindt;tej;banános;2022.11.10;910;110;136
JQFOK4V;Boci;ét;mogyorós;2022.08.20;880;70;136
341R4XM;Sports;ét;mandulás-narancsos;2022.09.25;1040;125;85
RPFKM4F;Sports;tej;csilis;2022.12.19;450;50;102
1DAAGJF;Sports;tej;csilis;2022.09.12;1010;135;17
FLCD0MX;Lindt;ét;mogyorós;2022.09.27;570;90;153
6S5ILZ6;Milka;ét;csilis;2022.12.04;450;150;153
DHNJZ9L;Sports;tej;csilis;2022.09.30;1170;115;119
CLKDGFT;Americana;tej;banános;2023.01.02;460;55;34
OICGTLL;Americana;tej;fehércsokis;2022.08.28;310;105;153
YA9U8RG;Lindt;ét;fehércsokis;2022.10.10;840;150;119
NZUQYSF;Americana;tej;ananászos;2022.11.08;960;40;34
1WJ4US6;Sports;tej;töltetlen;2022.12.31;240;125;0
MEX5DKR;Boci;ét;nugátos;2022.10.03;320;125;102
RJCET7P;Americana;tej;nugátos;2022.11.23;1160;60;17
CU438TQ;Boci;ét;ördög;2022.09.29;310;80;102
MMTX7J4;Sports;ét;ananászos;2022.08.20;930;150;17
VU2QZPT;Americana;tej;fehércsokis;2022.09.03;430;55;85
JNTBW2S;Boci;tej;csilis;2022.12.29;1130;150;68
W1CRET6;Sports;tej;mandulás-narancsos;2022.12.11;580;75;17
AX15Y0U;Boci;tej;csilis;2022.10.01;330;150;153
6UHATMC;Milka;tej;töltetlen;2023.03.04;640;60;102
SYCK6QO;Milka;tej;almás-fahéjas;2022.10.16;1070;85;34
MCESCCT;Boci;tej;csilis;2023.02.07;440;120;102
230GBGR;Lindt;tej;töltetlen;2023.02.10;570;40;136
TBJXHQW;Americana;ét;fehércsokis;2023.02.02;600;100;119
IPRKEY6;Sports;ét;almás-fahéjas;2023.02.07;790;100;153
JUFB4Y7;Boci;ét;mogyorós;2023.02.20;260;95;51
V6QRE5J;Milka;tej;nugátos;2022.11.12;290;140;68
14AK5VB;Lindt;ét;fehércsokis;2023.01.21;570;80;136
SQE1YR3;Americana;tej;ördög;2022.10.14;1190;70;68
806MUPV;Boci;tej;mandulás-narancsos;2022.10.31;1130;35;85
YGJZFCW;Sports;ét;ördög;2022.08.30;280;145;51
BDW4DJA;Lindt;tej;ananászos;2022.10.23;740;60;102
HGHNHCT;Sports;tej;ördög;2023.01.17;770;40;136
6ZH7TSB;Lindt;tej;mandulás-narancsos;2022.11.30;910;135;85
1SB9HW7;Lindt;tej;almás-fahéjas;2022.10.14;260;100;153
H5WOFUO;Boci;ét;csilis;2023.01.07;900;80;34
BO9KOB5;Milka;tej;banános;2023.02.28;300;35;153
QNDR8I3;Sports;tej;mogyorós;2022.11.03;460;50;153
JGZ59J1;Lindt;tej;ananászos;2022.12.08;980;85;153
RRH8XZ8;Sports;tej;almás-fahéjas;2022.09.20;310;50;136
BMPW1YO;Boci;ét;banános;2022.11.05;770;60;119
JWK2L5Y;Lindt;tej;ördög;2022.08.31;1110;150;0
Q9BH7ER;Boci;tej;almás-fahéjas;2022.11.07;1080;125;136
BFUYB7K;Boci;tej;csilis;2022.09.25;280;45;51
1G7VUD4;Boci;ét;banános;2022.10.13;350;95;102
028FHI1;Lindt;ét;töltetlen;2023.01.29;1010;145;102
LZ22DGV;Boci;tej;mogyorós;2022.10.23;390;140;68
4G3PVLH;Milka;tej;csilis;2022.11.02;320;145;85
5ERCE1M;Milka;ét;banános;2023.01.12;810;140;34
N94UV7R;Americana;tej;mikulás;2022.09.16;340;40;153
6J3KVDF;Boci;tej;banános;2022.11.02;600;70;102
1ATYKD9;Lindt;ét;ananászos;2023.01.24;1010;70;102
14WJJPK;Milka;tej;csilis;2023.01.23;490;130;85
Q8TD220;Lindt;ét;csilis;2023.02.21;360;125;85
P5BWQGI;Lindt;tej;ananászos;2022.09.03;760;100;85
9QMFOMW;Milka;tej;mikulás;2022.10.11;340;125;153
9ZQP7OR;Lindt;tej;mogyorós;2022.12.02;710;105;34
DIL2GL7;Americana;tej;fehércsokis;2022.12.13;230;40;85
FSR40LI;Lindt;tej;banános;2022.11.13;240;145;136
UB7C6HN;Americana;tej;nugátos;2023.01.12;1070;150;85
10KXE9J;Milka;tej;ördög;2022.11.01;550;85;102
I6I7T6V;Sports;tej;ördög;2022.12.04;440;70;153
9FD374M;Lindt;tej;almás-fahéjas;2022.09.12;1080;120;136
EPMNF4D;Americana;tej;nugátos;2022.11.16;790;140;85
TQLEQSK;Boci;tej;csilis;2022.08.29;620;45;136
1T8EIJU;Lindt;tej;mikulás;2023.01.05;740;105;119
XMFZ900;Lindt;tej;töltetlen;2023.01.09;1140;145;17
QT6X2PD;Milka;tej;csilis;2022.11.04;1110;40;0
RS6FVKG;Milka;tej;ördög;2022.11.20;330;70;136
OS2J4LD;Boci;tej;nugátos;2022.11.01;690;40;136
N8ZMZP2;Milka;ét;csilis;2022.11.29;380;120;51
C662SYX;Boci;tej;nugátos;2022.10.15;1110;120;136
BBHMH0W;Americana;ét;banános;2022.12.12;570;70;102
UYN8GPE;Americana;tej;csilis;2023.02.03;450;80;102
AKHXOLB;Sports;tej;csilis;2023.02.13;720;95;17
MQ7QQ8X;Milka;tej;ananászos;2023.02.24;820;140;85
